数据编号,data2行数,data2列数,tg_cat=1比例,sex_P,bmi1_P,男性vs女性_OR,sugar_P
X1,440,11,0.19858156028368795,0.058678664260563895,0.004630308567282597,0.8105388308659804,0.8324788222598142
X2,418,11,0.22885572139303484,0.10936054057247285,2.64880619505139e-05,1.0834593581613843,0.5816712975064842
X3,437,11,0.24766355140186916,0.008275478927860297,0.1670442382905307,0.7078924880866787,0.42236847728144744
X4,435,11,0.2494172494172494,0.009177901854449888,0.13875012298611555,0.7591224902949578,0.5389396143825675
X5,442,11,0.24708624708624707,0.0013510395633924328,0.06967225998153119,1.4867571693637815,0.9264311099866999
X6,431,11,0.2822966507177033,0.027174380013214282,0.0014223254700985895,1.10578119398172,0.7387873846837505
X7,429,11,0.33093525179856115,0.1330209099642141,0.8219678876722191,1.329731651879964,0.4882072924066243
X8,439,11,0.33175355450236965,0.021484560991524536,0.0086336834044402,1.240991183427915,0.8698139245051075
X9,435,11,0.3595238095238095,0.44432028505786014,0.01752601607689253,1.0880054196063003,0.1427853708362875
X10,412,11,0.3525,0.13953297059959766,0.08233655015055602,1.0094340412032317,0.48495264334458477
