id,age,sex,huji,height_cm,weight_kg,smoking,insomnia,tg,sugar,health
P090001,43,Male,Urban,169.47,63.79,Never,No,1.294,5.942,49.071
P090002,66,Female,Urban,166.71,75.31,Former,No,2.336,,38.997
P090003,88,Male,Urban,170.11,68.96,Former,No,2.193,6.165,37.92
P090004,58,Male,Rural,172.18,78.59,Never,No,2.517,6.215,32.17
P090005,75,Male,Rural,173.35,71.75,Current,No,0.587,5.819,31.03
P090006,88,Female,Urban,162.81,81.76,Never,No,1.513,6.664,41.347
P090007,59,Female,Urban,159.72,52.47,Former,No,1.186,5.768,41.285
P090008,45,Female,Urban,160.92,86.23,Never,No,,7.042,41.104
P090009,63,Male,Rural,181.29,91.28,Current,No,1.491,6.878,36.5
P090010,55,Male,Rural,,59.98,Current,No,1.594,5.477,35.839
P090011,67,Male,Urban,179.11,85.95,Current,Yes,2.107,5.273,34.804
P090012,46,Female,Urban,169.04,,Never,No,,5.424,40.564
P090013,56,Male,Urban,173.61,73.44,Never,Yes,2.823,5.097,31.833
P090014,52,Male,Urban,166.07,58.8,Current,No,0.883,4.807,31.478
P090015,39,Male,Urban,171.45,72.73,Never,No,6.554,6.367,38.105
P090016,59,Female,Rural,156.48,82.63,Never,No,1.065,6.304,38.889
P090017,46,Male,Urban,179.0,66.54,Never,No,2.768,5.593,29.742
P090018,40,Female,Urban,158.18,77.3,Never,No,3.154,5.561,31.198
P090019,54,Male,Rural,167.64,62.4,Current,No,2.556,6.886,38.164
P090020,55,Male,Rural,165.36,55.22,Current,No,2.507,4.69,28.831
P090021,69,Female,Urban,163.99,51.44,Current,No,2.568,5.889,30.028
P090022,53,Male,Urban,170.88,48.32,Former,No,2.485,4.09,34.866
P090023,65,Female,Urban,169.34,47.73,Former,No,2.751,4.847,32.752
P090024,51,Male,Urban,167.56,71.21,Never,Yes,2.689,7.156,27.091
P090025,44,Female,Rural,159.72,53.81,Never,No,0.495,6.604,38.195
P090026,49,Male,Rural,169.77,57.29,Never,No,1.616,6.955,31.689
P090027,74,Female,Rural,148.86,58.87,Never,No,1.336,5.344,37.216
P090028,69,Male,Rural,161.56,70.39,Current,No,2.796,6.336,35.094
P090029,39,Male,Urban,166.06,70.6,Former,No,2.599,5.472,34.965
P090030,72,Female,Rural,158.9,63.89,Never,Yes,2.848,7.3,29.808
P090031,75,Female,Rural,165.51,71.11,Never,No,2.522,6.093,33.469
P090032,67,Male,Urban,170.11,57.66,Never,No,1.884,7.813,45.948
P090033,79,Male,Rural,163.34,62.22,Never,Yes,1.56,4.697,27.945
P090034,57,Female,Rural,153.51,57.08,Never,No,2.868,3.674,39.021
P090035,69,Female,Urban,158.96,65.06,Never,No,,5.714,33.656
P090036,55,Male,Rural,173.77,57.93,Current,No,0.572,6.103,30.447
P090037,59,Male,Urban,162.81,72.37,Former,No,,5.727,38.635
P090038,73,Female,Rural,157.18,54.24,Current,No,6.013,6.076,43.323
P090039,88,Female,Urban,156.3,57.52,Never,No,2.054,5.451,38.103
P090040,76,Female,Rural,144.12,43.56,Former,No,2.557,5.745,31.991
P090041,51,Male,Urban,182.16,60.93,Never,No,1.894,6.397,32.401
P090042,50,Female,Urban,166.75,81.16,Former,No,3.493,6.176,37.001
P090043,48,Male,Urban,164.29,53.48,Former,No,3.87,4.951,38.387
P090044,50,Female,Urban,165.56,85.45,Never,No,2.499,4.893,25.16
P090045,66,Male,Rural,164.71,53.9,Former,No,5.195,6.045,32.97
P090046,69,Male,Urban,,66.69,Former,Yes,1.766,7.189,35.862
P090047,52,Female,Urban,158.6,88.02,Never,Yes,2.794,7.207,36.211
P090048,60,Male,Rural,169.03,63.74,Never,No,2.153,5.365,38.091
P090049,49,Male,Rural,178.52,79.45,Current,No,3.532,6.704,40.214
P090050,88,Male,Rural,164.43,89.22,Former,No,1.339,8.194,39.579
P090051,88,Female,Urban,156.39,57.73,Never,No,1.8,7.053,41.173
P090052,50,Female,Urban,156.11,53.86,Former,No,3.578,4.336,28.5
P090053,72,Female,Urban,168.24,67.96,Current,Yes,1.888,5.759,35.6
P090054,47,Male,Rural,177.01,81.64,Current,No,1.2,7.561,35.593
P090055,57,Female,Urban,161.76,54.63,Former,No,0.965,4.474,37.506
P090056,77,Male,Urban,172.77,97.81,Former,No,1.854,5.965,32.493
P090057,57,Female,Rural,151.0,55.81,Current,Yes,1.398,5.664,27.919
P090058,82,Female,Rural,163.42,52.34,Never,No,4.828,5.343,35.038
P090059,50,Female,Urban,154.1,44.44,Former,Yes,0.919,6.725,30.037
P090060,70,Female,Urban,157.53,59.58,Never,No,1.237,,38.037
P090061,54,Female,Urban,168.33,74.7,Current,No,2.26,5.265,30.034
P090062,61,Male,Rural,169.06,47.51,Former,No,,5.891,33.425
P090063,75,Female,Rural,146.97,41.62,Former,Yes,1.427,5.484,38.862
P090064,66,Male,Urban,173.65,91.8,Current,No,3.285,6.491,33.049
P090065,85,Female,Urban,163.35,71.61,Never,No,1.262,5.49,39.414
P090066,71,Male,Urban,158.91,73.08,Current,Yes,2.519,5.989,28.454
P090067,39,Female,Urban,164.41,52.38,Never,No,3.118,5.183,37.306
P090068,77,Female,Urban,155.72,76.03,Current,No,1.35,5.859,27.374
P090069,37,Female,Rural,168.19,48.49,Never,No,2.823,4.88,35.273
P090070,58,Male,Urban,170.08,70.88,Never,No,1.686,5.718,38.499
P090071,64,Male,Urban,173.47,74.01,Former,Yes,,5.393,31.679
P090072,54,Male,Rural,168.79,68.17,Never,No,1.084,5.308,35.78
P090073,59,Male,Rural,173.18,102.84,Never,Yes,2.416,5.871,28.708
P090074,50,Female,Urban,170.59,99.82,Current,No,2.422,5.398,34.566
P090075,66,Male,Rural,172.13,70.44,Never,No,2.018,6.208,29.665
P090076,44,Female,Urban,152.99,61.91,Never,No,3.476,5.724,36.715
P090077,58,Female,Rural,154.5,62.93,Never,No,1.216,5.515,31.944
P090078,77,Female,Urban,162.52,58.5,Former,Yes,1.888,5.894,39.193
P090079,72,Female,Urban,152.28,53.02,Never,No,1.136,4.1,34.6
P090080,55,Male,Urban,180.11,77.88,Never,Yes,2.191,6.381,41.351
P090081,60,Female,Rural,164.47,59.47,Current,No,1.885,6.383,32.878
P090082,58,Male,Rural,187.86,66.19,Never,Yes,1.785,5.782,34.038
P090083,49,Female,Urban,151.67,59.85,Never,Yes,2.164,5.431,33.998
P090084,84,Female,Urban,149.41,51.17,Never,Yes,1.285,5.855,33.658
P090085,51,Female,Rural,153.74,56.92,Never,No,2.563,6.271,35.088
P090086,62,Female,Urban,161.25,84.15,Never,No,2.3,,34.056
P090087,49,Male,Rural,170.94,55.13,Never,Yes,1.86,4.875,40.319
P090088,52,Female,Urban,159.55,56.19,Never,No,3.167,4.923,34.204
P090089,71,Female,Urban,158.75,44.06,Never,No,4.32,5.171,32.969
P090090,20,Male,Rural,173.82,98.26,Former,No,1.558,3.495,34.63
P090091,81,Female,Rural,156.83,54.57,Former,No,3.315,4.525,34.325
P090092,66,Male,Rural,167.09,69.14,Former,No,2.881,5.137,33.089
P090093,51,Male,Rural,169.27,68.88,Current,No,1.771,6.287,36.235
P090094,68,Female,Urban,165.19,89.89,Current,No,2.039,4.702,33.157
P090095,50,Male,Urban,183.9,99.05,Never,Yes,2.604,5.857,34.293
P090096,55,Male,Rural,176.88,65.97,Current,No,1.032,4.059,41.244
P090097,58,Female,Rural,165.07,50.57,Never,No,2.228,5.401,38.221
P090098,58,Male,Rural,163.74,82.79,Former,Yes,2.39,4.608,30.91
P090099,71,Female,Urban,,57.98,Never,No,3.616,6.008,28.284
P090100,53,Male,Urban,170.97,87.97,Current,No,0.959,4.248,34.057
P090101,49,Male,Rural,171.15,55.95,Former,No,2.108,6.881,33.895
P090102,52,Male,Urban,,85.76,Never,Yes,1.184,5.914,
P090103,68,Male,Rural,172.55,72.04,Current,No,1.425,6.471,39.782
P090104,62,Male,Rural,166.49,79.98,Never,No,1.534,6.651,33.48
P090105,70,Female,Rural,151.73,55.77,Never,No,1.337,6.281,38.71
P090106,51,Female,Urban,161.5,71.69,Never,No,1.947,6.494,44.432
P090107,70,Male,Urban,184.16,95.91,Current,No,2.238,6.148,38.684
P090108,42,Male,Urban,168.69,73.82,Never,No,1.578,6.013,36.08
P090109,59,Female,Rural,152.25,49.21,Never,No,3.408,6.406,31.656
P090110,75,Female,Urban,144.94,35.2,Never,Yes,1.52,6.898,29.657
P090111,61,Female,Urban,153.09,79.37,Never,No,2.18,7.786,34.76
P090112,71,Female,Urban,,72.61,Never,No,1.941,4.726,41.026
P090113,66,Male,Rural,169.73,73.68,Never,No,1.382,5.594,38.298
P090114,48,Female,Urban,153.15,52.39,Never,No,1.341,6.524,37.095
P090115,67,Male,Urban,167.77,81.25,Current,No,1.742,6.324,34.59
P090116,59,Male,Rural,165.53,51.19,Current,No,2.203,4.843,34.561
P090117,81,Female,Rural,157.01,45.33,Former,No,1.608,5.303,
P090118,88,Female,Urban,152.13,52.65,Never,Yes,1.343,6.62,33.163
P090119,45,Female,Urban,160.3,90.3,Former,No,1.482,4.105,30.335
P090120,65,Male,Rural,174.94,85.69,Never,No,2.644,5.302,34.153
P090121,44,Female,Urban,150.02,37.88,Former,No,1.494,4.567,36.744
P090122,65,Female,Urban,155.89,67.21,Current,Yes,1.726,4.984,34.673
P090123,78,Male,Urban,174.21,99.84,Former,Yes,2.537,5.821,31.208
P090124,74,Male,Urban,167.53,64.51,Former,No,1.091,6.838,38.353
P090125,47,Male,Urban,159.31,86.49,Never,Yes,2.555,5.104,27.222
P090126,49,Female,Urban,169.67,57.35,Never,Yes,2.013,5.78,40.043
P090127,71,Female,Urban,156.78,57.36,Former,Yes,1.978,6.079,35.72
P090128,47,Male,Urban,166.08,68.16,Never,Yes,1.179,5.744,34.894
P090129,57,Female,Urban,162.25,81.02,Never,No,1.191,6.491,36.397
P090130,57,Male,Rural,164.21,67.09,Current,No,3.56,6.103,33.482
P090131,51,Female,Rural,155.56,71.84,Never,Yes,2.401,5.113,25.682
P090132,49,Male,Rural,173.45,76.24,Current,Yes,2.253,6.015,31.567
P090133,51,Male,Rural,172.79,62.88,Former,Yes,1.736,4.251,34.134
P090134,55,Male,Urban,160.62,66.43,Never,No,,6.064,43.701
P090135,64,Female,Urban,162.07,47.82,Former,No,1.3,5.449,35.696
P090136,59,Male,Urban,175.54,69.31,Never,Yes,3.136,5.558,34.132
P090137,69,Male,Rural,171.92,62.77,Never,No,0.657,6.641,37.12
P090138,61,Female,Rural,161.54,68.92,Never,Yes,2.038,5.502,38.137
P090139,69,Female,Rural,163.99,57.12,Never,No,1.669,4.706,30.408
P090140,56,Female,Urban,163.29,85.98,Never,Yes,3.132,5.403,29.036
P090141,64,Male,Rural,167.51,51.55,Never,Yes,3.844,4.646,34.211
P090142,75,Male,Urban,179.67,54.5,Never,Yes,2.208,7.119,34.985
P090143,56,Male,Urban,163.92,95.16,Former,No,7.5,4.262,26.487
P090144,49,Female,Rural,160.67,69.19,Never,No,2.751,6.94,40.019
P090145,65,Female,Urban,152.93,62.41,Never,No,1.145,7.321,30.24
P090146,75,Male,Rural,176.13,70.97,Current,No,1.97,5.895,34.281
P090147,32,Female,Urban,165.46,65.29,Former,No,1.694,4.846,32.235
P090148,36,Male,Rural,183.11,95.9,Never,No,2.78,5.117,33.683
P090149,56,Male,Rural,161.51,84.21,Current,No,2.304,5.568,34.755
P090150,50,Female,Urban,158.87,54.23,Never,Yes,2.354,5.18,36.133
P090151,62,Female,Urban,162.35,51.62,Former,No,1.367,6.865,39.12
P090152,58,Male,Urban,179.17,67.85,Never,No,1.524,5.764,32.407
P090153,59,Female,Urban,162.26,,Never,No,0.938,7.988,29.861
P090154,46,Male,Urban,168.56,65.68,Former,No,1.732,4.24,32.55
P090155,55,Female,Rural,153.23,54.08,Current,No,4.19,5.092,34.675
P090156,72,Female,Urban,156.13,56.72,Never,Yes,2.179,6.384,35.143
P090157,79,Male,Urban,166.2,86.53,Never,Yes,1.758,7.41,38.327
P090158,65,Female,Urban,157.18,51.86,Never,No,1.19,5.651,38.877
P090159,54,Male,Urban,183.72,114.92,Never,No,0.909,5.686,38.642
P090160,60,Male,Urban,,55.6,Never,Yes,2.553,7.225,41.057
P090161,43,Male,Urban,172.74,78.38,Never,Yes,5.992,5.75,31.338
P090162,41,Male,Urban,175.53,67.97,Former,Yes,2.198,5.44,34.655
P090163,84,Female,Rural,141.21,43.34,Never,No,2.107,5.533,34.527
P090164,48,Male,Urban,176.87,104.83,Never,No,1.991,3.529,39.336
P090165,60,Male,Rural,163.91,66.92,Current,No,,6.232,28.19
P090166,66,Male,Rural,161.57,87.37,Former,No,2.805,6.714,36.856
P090167,71,Female,Rural,162.52,82.95,Never,No,3.597,7.094,34.264
P090168,84,Male,Urban,165.69,64.39,Never,No,3.424,5.103,37.767
P090169,69,Male,Urban,175.29,59.1,Never,No,1.555,4.914,29.718
P090170,69,Male,Rural,166.56,61.33,Never,No,1.301,6.258,26.029
P090171,78,Female,Rural,163.9,50.15,Current,No,1.428,6.473,41.86
P090172,68,Male,Urban,159.46,80.41,Former,No,2.32,6.93,30.342
P090173,57,Female,Urban,156.32,50.46,Never,No,1.963,5.882,37.937
P090174,66,Male,Urban,171.8,64.84,Current,No,3.857,4.574,38.828
P090175,50,Female,Urban,153.99,54.46,Never,No,3.743,4.042,32.312
P090176,24,Female,Urban,157.01,39.93,Never,Yes,1.376,3.961,36.261
P090177,41,Male,Urban,175.76,58.2,Former,No,2.11,5.807,33.768
P090178,63,Male,Rural,173.54,83.27,Never,No,2.042,5.855,41.937
P090179,59,Male,Urban,164.58,46.27,Current,Yes,2.582,6.136,28.844
P090180,79,Male,Urban,171.88,70.45,Never,No,2.773,5.9,38.805
P090181,42,Male,Urban,174.74,103.27,Current,No,4.744,5.447,30.256
P090182,51,Female,Urban,160.19,57.31,Former,No,2.72,6.992,31.786
P090183,59,Female,Rural,164.24,57.42,Never,Yes,2.498,5.4,26.638
P090184,43,Male,Urban,165.52,75.26,Never,No,0.699,6.806,39.624
P090185,65,Female,Rural,156.3,76.31,Never,Yes,1.239,6.224,34.563
P090186,80,Female,Urban,164.46,74.92,Never,No,1.592,7.637,41.206
P090187,55,Male,Rural,172.65,52.89,Never,No,2.578,5.572,37.735
P090188,75,Male,Rural,177.59,62.6,Current,No,5.109,6.297,39.902
P090189,33,Male,Urban,173.91,58.46,Never,No,1.89,6.949,43.911
P090190,77,Female,Urban,160.6,68.33,Former,No,3.503,,33.2
P090191,62,Male,Urban,170.73,60.45,Former,Yes,4.142,4.873,
P090192,40,Male,Urban,166.65,93.52,Never,No,3.236,5.349,34.484
P090193,74,Female,Rural,164.23,68.13,Never,Yes,3.288,6.088,29.328
P090194,54,Male,Urban,176.59,56.8,Current,No,5.479,6.028,33.838
P090195,35,Male,Urban,155.42,69.16,Current,Yes,2.34,6.484,35.079
P090196,74,Male,Urban,173.18,89.37,Never,No,1.288,5.251,35.965
P090197,70,Female,Rural,160.73,46.87,Current,Yes,2.243,5.238,27.786
P090198,65,Male,Urban,168.7,75.29,Never,No,1.96,5.246,35.848
P090199,60,Female,Urban,159.3,71.21,Never,Yes,0.877,4.428,35.041
P090200,53,Female,Rural,153.86,80.75,Never,Yes,2.23,5.989,26.743
P090201,75,Female,Urban,158.58,84.7,Never,No,2.748,4.663,33.229
P090202,52,Male,Rural,180.91,86.39,Never,No,1.195,4.214,32.205
P090203,52,Female,Urban,158.59,59.8,Never,No,1.518,3.82,38.709
P090204,32,Male,Rural,175.12,82.81,Former,No,1.787,5.976,33.206
P090205,64,Female,Urban,168.52,51.65,Never,Yes,2.031,5.847,40.369
P090206,56,Female,Rural,162.28,68.16,Never,No,2.568,5.846,35.434
P090207,52,Female,Urban,,42.57,Never,No,3.196,5.334,37.074
P090208,65,Male,Rural,167.25,69.13,Former,No,4.055,6.178,44.08
P090209,60,Male,Urban,168.95,78.61,Never,No,3.857,3.726,40.034
P090210,75,Male,Urban,181.39,55.56,Never,Yes,2.608,6.59,30.105
P090211,59,Female,Rural,161.86,83.09,Never,Yes,3.172,6.355,34.52
P090212,80,Male,Urban,174.18,95.48,Never,No,2.149,5.464,34.679
P090213,79,Female,Urban,155.95,45.63,Former,No,3.644,6.283,32.393
P090214,74,Female,Urban,164.15,53.66,Current,No,,5.558,41.054
P090215,68,Female,Rural,151.15,55.23,Never,Yes,4.765,5.243,29.02
P090216,57,Male,Rural,174.97,65.56,Current,No,1.874,5.774,43.16
P090217,56,Male,Rural,180.95,73.75,Current,No,2.795,4.398,29.401
P090218,62,Female,Urban,152.96,57.88,Never,Yes,1.801,5.592,33.417
P090219,43,Male,Rural,165.53,57.85,Current,Yes,1.318,4.881,34.658
P090220,65,Male,Rural,186.73,94.86,Never,No,4.331,3.623,
P090221,57,Male,Rural,183.02,58.08,Never,No,2.495,5.726,34.858
P090222,49,Female,Urban,153.83,42.0,Current,Yes,1.065,4.748,34.881
P090223,66,Female,Urban,153.67,63.33,Never,No,1.157,6.776,37.25
P090224,66,Female,Urban,156.85,84.53,Former,No,1.046,6.654,37.712
P090225,56,Female,Urban,157.96,52.93,Never,No,3.106,6.663,36.678
P090226,62,Male,Urban,180.02,63.44,Former,Yes,1.163,6.154,36.722
P090227,60,Female,Urban,158.39,47.69,Never,No,1.317,5.364,36.772
P090228,47,Male,Urban,176.51,94.66,Former,No,2.017,,35.341
P090229,63,Female,Rural,162.4,47.94,Current,No,,6.167,30.735
P090230,81,Female,Rural,159.38,53.5,Former,No,7.5,5.81,28.214
P090231,70,Male,Rural,179.03,55.43,Current,No,1.577,6.488,31.688
P090232,55,Female,Urban,164.21,46.15,Never,No,4.252,7.198,33.543
P090233,56,Male,Rural,170.13,77.0,Former,No,1.209,6.264,37.438
P090234,57,Male,Urban,169.97,66.71,Never,Yes,1.955,5.51,30.046
P090235,64,Female,Urban,159.96,70.9,Never,No,2.42,4.5,36.563
P090236,37,Female,Rural,161.31,87.53,Current,No,2.646,6.513,38.273
P090237,70,Male,Urban,164.12,69.55,Never,No,2.397,5.912,37.976
P090238,46,Female,Urban,163.07,45.89,Never,Yes,2.546,5.437,26.91
P090239,65,Female,Rural,159.72,66.25,Never,No,0.949,5.571,31.138
P090240,38,Male,Urban,158.11,44.0,Former,No,1.37,5.927,36.516
P090241,70,Male,Urban,173.55,80.28,Former,Yes,3.966,5.506,32.095
P090242,50,Male,Rural,178.21,63.11,Current,No,3.993,6.262,35.799
P090243,65,Male,Urban,172.08,66.14,Never,No,2.053,6.039,33.291
P090244,45,Female,Rural,170.04,46.64,Current,No,0.468,6.302,32.325
P090245,49,Male,Rural,175.94,62.34,Former,No,0.956,4.188,37.272
P090246,59,Male,Urban,164.28,80.61,Current,No,1.456,6.038,41.24
P090247,48,Male,Urban,183.72,73.22,Never,Yes,1.833,4.982,30.304
P090248,43,Male,Rural,161.67,71.47,Current,No,3.892,5.324,37.988
P090249,41,Female,Urban,158.47,66.57,Never,No,1.652,5.644,46.255
P090250,43,Female,Urban,164.39,49.82,Never,No,3.22,5.982,35.394
P090251,61,Female,Urban,160.3,47.66,Never,No,0.798,5.937,28.438
P090252,59,Male,Rural,181.4,91.48,Never,Yes,2.658,6.827,33.488
P090253,75,Male,Rural,,51.19,Current,No,2.556,5.464,26.824
P090254,64,Male,Urban,182.33,,Former,No,,5.331,32.986
P090255,63,Female,Rural,159.49,66.5,Never,No,2.525,6.615,32.072
P090256,70,Male,Urban,164.17,56.58,Former,Yes,1.458,5.316,33.339
P090257,68,Male,Urban,161.85,71.2,Current,Yes,1.563,5.344,30.299
P090258,60,Male,Rural,176.36,83.37,Never,No,1.775,5.726,43.671
P090259,40,Female,Urban,155.56,48.27,Never,Yes,1.626,,33.19
P090260,67,Female,Rural,157.97,62.99,Never,Yes,3.112,5.683,30.505
P090261,34,Male,Rural,166.31,66.59,Never,No,0.971,6.218,37.88
P090262,67,Female,Urban,165.26,68.08,Current,No,1.583,4.68,34.899
P090263,18,Female,Rural,165.88,,Never,Yes,2.662,5.365,36.468
P090264,45,Male,Urban,175.47,95.1,Former,Yes,5.056,3.808,41.394
P090265,57,Male,Rural,177.54,108.99,Never,No,5.859,7.095,38.318
P090266,66,Female,Urban,162.38,76.95,Former,Yes,2.331,3.792,32.05
P090267,47,Female,Urban,161.99,48.91,Never,No,1.049,5.458,33.436
P090268,51,Male,Urban,167.75,77.5,Never,No,1.308,4.664,45.911
P090269,45,Female,Urban,161.52,61.4,Never,No,2.455,6.72,25.765
P090270,73,Female,Rural,152.71,82.14,Never,Yes,1.258,6.235,32.716
P090271,64,Female,Rural,167.17,50.05,Never,No,1.405,6.048,37.789
P090272,68,Female,Urban,165.69,60.35,Never,No,3.454,4.781,43.403
P090273,51,Female,Urban,161.81,47.47,Never,No,2.186,5.276,43.374
P090274,71,Male,Urban,171.46,103.82,Former,No,4.408,,38.168
P090275,59,Male,Urban,178.31,85.25,Never,No,3.091,6.125,49.027
P090276,63,Male,Rural,173.22,63.51,Never,No,1.592,4.941,33.283
P090277,67,Male,Rural,167.2,75.43,Current,No,1.174,6.594,33.981
P090278,68,Female,Urban,167.21,80.32,Former,No,1.052,5.872,34.049
P090279,64,Female,Rural,160.28,55.74,Former,No,2.116,7.044,30.425
P090280,57,Male,Urban,172.72,61.1,Current,No,1.753,5.41,32.826
P090281,56,Male,Urban,175.47,84.44,Current,No,1.462,5.52,39.219
P090282,66,Male,Rural,166.86,67.89,Former,No,0.923,5.873,40.423
P090283,45,Female,Rural,165.38,46.35,Current,No,2.074,3.883,31.065
P090284,47,Female,Urban,144.52,56.68,Current,No,1.204,4.798,34.497
P090285,70,Female,Rural,155.98,52.71,Never,Yes,3.112,6.99,35.872
P090286,68,Female,Rural,153.98,,Former,No,0.769,5.719,37.085
P090287,55,Male,Urban,164.29,45.54,Current,Yes,1.698,6.706,32.6
P090288,49,Female,Urban,156.2,39.88,Never,Yes,1.233,5.57,37.817
P090289,53,Female,Urban,163.44,58.06,Never,No,1.919,5.227,31.798
P090290,67,Female,Rural,160.54,56.47,Current,Yes,1.378,4.228,30.32
P090291,40,Female,Urban,163.86,62.61,Former,No,1.357,6.486,30.918
P090292,72,Female,Rural,152.28,65.59,Never,Yes,2.291,5.935,
P090293,52,Male,Urban,165.87,68.22,Never,Yes,2.426,3.719,34.46
P090294,59,Male,Rural,170.37,80.37,Never,No,1.815,6.514,40.258
P090295,51,Male,Urban,162.77,58.75,Never,Yes,1.337,5.285,33.546
P090296,55,Female,Urban,161.25,57.36,Current,No,0.85,5.723,30.359
P090297,43,Female,Urban,169.41,72.24,Current,Yes,2.082,4.434,38.041
P090298,71,Male,Urban,176.21,92.36,Former,Yes,1.571,5.957,32.398
P090299,60,Female,Urban,166.38,54.77,Current,No,4.382,5.399,32.547
P090300,58,Female,Urban,157.04,61.87,Never,No,1.407,6.715,37.386
P090301,62,Female,Rural,169.04,52.93,Current,No,0.802,5.999,31.934
P090302,57,Male,Urban,158.36,60.06,Former,No,1.158,5.123,30.13
P090303,75,Male,Urban,163.07,68.77,Current,No,1.818,6.213,36.681
P090304,65,Female,Urban,161.1,72.35,Former,No,2.217,7.069,44.664
P090305,45,Male,Urban,162.72,82.03,Former,No,2.877,5.497,28.185
P090306,48,Male,Rural,167.96,77.26,Current,Yes,0.851,5.854,29.138
P090307,65,Male,Urban,170.17,71.88,Never,No,1.257,4.617,29.693
P090308,49,Female,Urban,157.83,47.63,Never,No,1.927,5.463,38.187
P090309,64,Male,Urban,170.58,80.09,Former,No,1.8,,41.746
P090310,45,Female,Rural,158.37,42.76,Current,No,1.171,5.197,33.238
P090311,68,Female,Rural,154.06,61.37,Never,No,2.3,5.073,35.143
P090312,63,Female,Rural,161.66,70.91,Never,No,1.519,5.604,34.958
P090313,85,Female,Urban,156.31,63.67,Former,Yes,1.613,7.292,36.664
P090314,68,Male,Rural,178.82,83.35,Current,No,1.59,5.17,35.938
P090315,54,Male,Urban,165.94,60.46,Former,No,1.136,6.251,39.386
P090316,64,Male,Urban,170.01,68.64,Current,Yes,2.716,5.546,31.537
P090317,65,Male,Rural,172.74,86.29,Former,No,2.402,4.634,
P090318,54,Male,Urban,162.34,53.56,Former,No,3.489,4.359,31.099
P090319,41,Male,Urban,175.15,64.0,Never,Yes,3.2,7.0,35.989
P090320,60,Female,Urban,160.27,76.65,Never,No,4.006,6.535,36.568
P090321,67,Female,Rural,166.05,75.84,Current,Yes,1.836,4.794,30.782
P090322,45,Female,Urban,168.36,71.5,Never,No,1.702,4.522,38.945
P090323,56,Female,Urban,158.59,64.44,Never,No,,5.118,37.896
P090324,63,Male,Urban,171.26,74.36,Former,No,2.23,5.339,30.775
P090325,62,Male,Rural,174.78,49.05,Never,Yes,2.714,5.02,34.778
P090326,54,Male,Urban,172.91,78.86,Never,Yes,1.781,6.325,35.694
P090327,65,Male,Rural,171.6,85.37,Never,No,1.403,6.981,37.019
P090328,62,Female,Urban,156.21,60.91,Never,No,2.691,6.731,36.331
P090329,54,Male,Rural,161.86,56.93,Former,No,2.382,4.662,37.079
P090330,46,Male,Urban,164.64,60.31,Never,No,1.18,6.933,32.863
P090331,64,Female,Urban,152.93,49.1,Never,No,1.111,4.972,31.923
P090332,78,Male,Rural,163.8,60.65,Former,No,1.646,4.866,36.426
P090333,63,Female,Rural,157.72,52.59,Former,No,1.304,5.48,39.602
P090334,67,Female,Rural,154.32,57.37,Never,Yes,3.745,5.859,28.144
P090335,65,Male,Urban,172.14,75.74,Current,Yes,1.884,4.42,36.204
P090336,62,Female,Rural,158.39,45.29,Current,No,0.874,7.232,28.722
P090337,72,Female,Urban,170.2,63.41,Never,No,0.521,4.535,36.334
P090338,75,Male,Rural,165.54,83.68,Current,Yes,2.209,7.54,35.422
P090339,72,Female,Urban,164.32,68.97,Former,Yes,1.925,5.896,38.805
P090340,44,Male,Urban,170.64,67.45,Current,No,0.861,4.473,34.607
P090341,59,Female,Rural,167.24,62.2,Never,No,1.909,6.175,38.827
P090342,55,Female,Rural,160.8,75.96,Former,No,1.334,5.921,37.045
P090343,51,Male,Rural,164.67,71.27,Never,No,1.625,4.145,38.277
P090344,62,Male,Urban,162.01,73.1,Former,Yes,1.165,5.241,41.634
P090345,71,Male,Rural,166.72,65.61,Never,No,1.461,5.211,36.656
P090346,53,Female,Urban,159.19,54.81,Former,No,2.36,5.383,29.046
P090347,50,Male,Urban,164.15,69.6,Former,No,0.941,7.055,28.422
P090348,59,Male,Urban,163.28,61.92,Former,Yes,3.163,4.918,35.525
P090349,75,Male,Rural,176.44,79.81,Former,No,3.008,5.832,35.354
P090350,46,Female,Rural,157.1,46.72,Never,No,1.74,5.523,37.492
P090351,71,Female,Rural,160.6,52.06,Former,No,1.223,6.832,37.175
P090352,77,Female,Urban,159.96,41.15,Former,No,1.934,6.466,28.247
P090353,56,Female,Rural,155.4,60.74,Never,No,2.299,6.175,29.543
P090354,54,Male,Urban,176.81,81.81,Never,Yes,1.639,5.633,28.13
P090355,61,Female,Urban,164.27,55.39,Never,No,0.588,,45.287
P090356,64,Female,Rural,159.44,55.36,Never,No,1.021,6.233,38.209
P090357,88,Male,Rural,167.73,77.84,Never,Yes,2.507,5.281,37.778
P090358,72,Male,Rural,177.27,67.91,Current,No,2.465,5.761,29.459
P090359,37,Female,Urban,162.79,86.36,Never,Yes,1.974,5.385,31.997
P090360,70,Female,Rural,158.58,62.22,Never,Yes,1.522,4.655,35.622
P090361,66,Male,Rural,179.06,58.71,Current,No,2.24,6.769,36.126
P090362,48,Male,Urban,164.0,85.93,Never,Yes,2.266,5.939,33.207
P090363,64,Male,Urban,168.85,69.22,Former,No,1.563,6.086,36.312
P090364,34,Male,Rural,172.57,73.41,Current,No,1.239,,38.859
P090365,50,Male,Urban,163.6,89.38,Never,No,1.083,5.34,37.709
P090366,45,Male,Rural,166.08,54.72,Former,No,0.943,4.349,34.238
P090367,56,Female,Rural,156.89,86.84,Current,No,1.693,6.607,30.011
P090368,65,Female,Urban,162.24,72.28,Never,Yes,1.964,7.043,37.527
P090369,61,Female,Urban,,,Never,No,1.379,6.715,37.387
P090370,19,Female,Rural,161.25,68.25,Former,No,1.8,4.849,36.33
P090371,59,Female,Rural,158.17,50.24,Never,No,1.775,6.405,36.321
P090372,56,Male,Urban,173.87,98.52,Current,No,1.879,6.506,39.764
P090373,60,Male,Urban,169.95,93.8,Never,No,1.748,6.425,37.771
P090374,62,Male,Rural,165.31,63.68,Former,No,3.642,,40.996
P090375,55,Male,Urban,180.67,70.29,Current,No,1.019,7.442,37.553
P090376,24,Female,Urban,170.57,74.13,Never,No,1.753,,33.179
P090377,46,Male,Urban,172.58,73.28,Never,No,1.516,6.234,39.643
P090378,62,Female,Rural,154.04,61.07,Never,No,1.978,5.875,27.019
P090379,53,Female,Urban,163.45,59.74,Never,Yes,1.271,4.513,31.361
P090380,59,Female,Rural,159.76,87.7,Current,No,2.028,5.501,30.692
P090381,70,Female,Rural,161.09,49.67,Never,No,3.224,,33.959
P090382,48,Female,Rural,160.14,84.4,Former,No,2.255,5.69,31.932
P090383,64,Male,Urban,170.7,54.79,Current,No,1.121,6.702,31.335
P090384,39,Male,Rural,172.61,61.31,Former,No,1.274,5.836,39.41
P090385,64,Male,Rural,175.23,79.36,Never,No,1.248,,35.206
P090386,71,Female,Rural,163.39,58.55,Former,No,1.34,5.273,37.461
P090387,50,Male,Rural,161.49,80.7,Former,No,2.249,5.059,36.765
P090388,54,Male,Urban,173.05,76.57,Never,No,2.75,5.522,38.152
P090389,46,Male,Urban,168.45,75.6,Current,No,3.028,4.594,34.127
P090390,55,Female,Urban,156.95,45.77,Never,No,2.023,7.483,33.293
P090391,39,Male,Rural,168.8,70.91,Current,No,3.049,5.647,36.57
P090392,74,Male,Urban,160.89,86.4,Never,No,2.072,5.788,23.567
P090393,67,Female,Urban,163.89,66.28,Never,No,2.78,6.349,35.792
P090394,62,Female,Urban,160.36,54.55,Never,No,2.274,6.723,
P090395,78,Male,Urban,168.29,65.53,Former,No,3.146,7.174,34.009
P090396,47,Female,Urban,165.23,51.58,Current,Yes,2.037,5.404,29.043
P090397,48,Male,Rural,173.79,96.69,Current,No,1.244,6.441,35.496
P090398,61,Female,Rural,156.11,52.46,Current,No,2.417,4.672,35.257
P090399,53,Male,Rural,176.18,62.94,Current,No,2.071,4.577,36.622
P090400,45,Male,Urban,167.44,52.53,Current,Yes,4.532,5.256,31.723
P090401,62,Male,Urban,174.15,,Never,Yes,3.27,7.185,38.091
P090402,57,Female,Urban,158.27,69.02,Former,No,2.11,4.976,35.765
P090403,86,Female,Urban,155.34,52.67,Never,No,,7.538,34.813
P090404,55,Female,Urban,161.92,70.47,Former,No,1.688,6.844,36.15
P090405,56,Male,Rural,167.59,77.43,Current,No,1.925,6.116,39.48
P090406,54,Male,Rural,160.98,56.3,Former,No,2.324,5.552,23.832
P090407,50,Female,Urban,167.99,59.55,Never,No,2.017,5.829,37.437
P090408,65,Female,Rural,,49.38,Former,No,1.555,6.064,36.497
P090409,51,Female,Urban,154.5,43.52,Never,No,4.817,5.313,
P090410,71,Female,Rural,180.3,63.43,Current,Yes,1.299,5.364,27.068
P090411,68,Male,Rural,181.95,88.52,Never,No,1.402,5.621,37.538
P090412,64,Female,Urban,150.44,58.72,Current,Yes,3.254,5.364,31.576
P090413,68,Male,Rural,169.54,93.43,Current,No,2.092,7.234,34.451
P090414,74,Male,Rural,168.78,100.58,Never,Yes,6.401,7.119,30.943
P090415,64,Female,Urban,160.87,47.68,Former,Yes,2.155,5.572,30.619
P090416,60,Female,Rural,163.67,47.75,Never,No,1.75,5.088,38.765
P090417,59,Male,Rural,160.36,54.42,Current,Yes,2.602,4.942,31.002
P090418,73,Female,Urban,161.37,52.58,Never,Yes,2.651,5.233,35.757
P090419,58,Male,Urban,172.71,71.24,Never,No,3.978,5.743,33.682
P090420,64,Female,Rural,158.45,40.19,Never,Yes,2.778,5.778,32.207
P090421,52,Male,Urban,174.28,84.35,Never,No,1.92,6.198,33.573
P090422,66,Female,Rural,151.47,52.86,Never,No,0.873,4.896,32.651
P090423,64,Male,Urban,178.05,110.66,Never,Yes,1.513,5.389,31.844
P090424,45,Female,Urban,153.41,57.97,Current,Yes,1.614,5.693,26.487
P090425,58,Female,Rural,158.97,81.96,Never,No,1.977,7.094,29.829
P090426,78,Female,Urban,166.32,51.11,Former,No,1.395,8.93,35.793
P090427,73,Male,Urban,176.34,86.89,Current,No,1.946,7.755,35.599
P090428,78,Male,Urban,172.87,60.47,Current,No,1.542,7.176,44.29
P090429,70,Female,Urban,155.68,62.43,Never,No,,6.115,45.349
P090430,52,Male,Urban,170.79,78.49,Current,No,,6.231,37.5
P090431,64,Female,Rural,155.5,45.28,Never,Yes,3.312,6.465,35.821
P090432,69,Male,Urban,174.54,65.45,Current,Yes,1.357,5.276,35.108
P090433,65,Female,Rural,157.8,67.49,Current,No,1.397,3.86,39.269
P090434,67,Female,Urban,154.19,55.96,Former,No,4.597,4.673,30.63
P090435,71,Female,Urban,158.47,57.24,Current,No,3.114,6.975,36.065
P090436,82,Female,Rural,155.26,,Current,No,2.286,6.517,40.304
P090437,61,Male,Urban,166.52,64.98,Never,No,1.734,6.521,36.311
P090438,59,Female,Rural,171.11,64.7,Current,No,2.644,5.24,35.3
P090439,42,Female,Urban,157.69,64.73,Never,No,1.572,6.115,27.388
P090440,88,Male,Urban,167.12,51.37,Current,Yes,,7.391,36.495
P090441,71,Male,Urban,179.01,110.84,Current,Yes,2.716,6.713,32.272
P090442,60,Male,Rural,167.72,65.49,Current,No,1.301,5.836,34.004
P090443,64,Female,Urban,160.91,68.59,Never,No,1.374,4.983,31.367
P090444,60,Male,Urban,168.67,72.83,Current,Yes,1.942,6.207,35.58
P090445,50,Female,Urban,150.5,49.38,Never,No,2.254,4.945,35.015
P090446,73,Female,Urban,163.43,47.72,Never,No,1.648,5.755,34.718
P090447,57,Female,Urban,155.88,57.76,Never,No,,5.124,38.524
P090448,43,Female,Urban,165.8,66.37,Never,No,1.76,4.901,36.647
P090449,50,Female,Urban,155.18,39.29,Never,No,1.481,5.578,34.531
P090450,59,Male,Urban,168.16,98.14,Former,No,1.54,5.629,30.125
P090451,51,Female,Rural,160.81,90.47,Never,Yes,1.225,6.043,24.911
P090452,76,Male,Urban,173.85,85.98,Never,Yes,1.789,6.344,39.73
P090453,46,Male,Rural,,64.05,Never,No,3.124,6.575,32.313
P090454,61,Male,Urban,166.39,51.32,Current,No,2.899,6.175,40.435
P090455,82,Female,Rural,155.68,64.39,Never,Yes,3.753,8.739,40.525
P090456,54,Male,Rural,165.81,57.69,Former,Yes,2.066,5.797,37.714
P090457,58,Female,Urban,158.35,50.2,Never,No,1.664,5.773,47.101
P090458,67,Male,Urban,178.59,62.41,Never,No,1.132,4.454,39.028
P090459,61,Male,Urban,176.01,59.12,Former,No,2.605,5.946,37.435
P090460,41,Female,Urban,161.18,66.32,Never,No,1.451,5.915,34.784
P090461,54,Male,Rural,176.01,68.65,Never,No,1.537,4.993,39.588
P090462,59,Female,Urban,163.33,70.63,Never,No,4.409,6.326,30.758
P090463,50,Female,Rural,,70.61,Never,No,2.882,6.789,32.141
P090464,48,Female,Urban,156.88,58.37,Former,No,1.551,6.186,39.07
P090465,53,Female,Rural,154.48,63.26,Never,Yes,1.811,4.767,37.811
P090466,46,Female,Urban,158.23,85.1,Never,No,1.996,6.196,42.939
P090467,66,Male,Urban,171.48,65.82,Current,No,0.876,5.799,35.589
P090468,32,Male,Urban,172.07,56.85,Never,No,2.967,6.665,39.477
P090469,71,Female,Urban,162.66,91.48,Never,No,1.274,6.31,37.19
P090470,47,Female,Urban,154.18,74.62,Former,No,0.862,6.754,35.157
P090471,43,Female,Urban,150.18,60.44,Former,No,2.517,6.307,39.069
P090472,56,Female,Rural,168.23,67.94,Never,No,3.323,5.245,36.613
P090473,33,Male,Rural,166.91,46.89,Former,No,3.227,6.322,30.555
P090474,69,Female,Urban,158.2,54.07,Never,Yes,1.939,6.892,36.996
P090475,58,Male,Urban,169.29,101.46,Former,No,1.327,6.622,32.259
P090476,62,Male,Rural,166.38,72.01,Never,No,4.272,4.606,34.993
P090477,71,Male,Urban,179.14,72.6,Never,No,1.907,4.004,26.125
P090478,47,Male,Urban,179.12,69.8,Current,No,1.672,4.569,34.677
P090479,68,Male,Urban,169.71,50.34,Never,No,2.124,4.482,36.23
P090480,61,Female,Rural,159.09,58.62,Never,Yes,2.871,5.225,33.441
P090481,58,Female,Urban,155.42,80.56,Never,No,0.922,6.948,31.068
P090482,52,Female,Rural,153.51,45.9,Current,No,3.431,4.126,24.974
P090483,59,Male,Urban,176.09,52.7,Former,No,1.949,6.255,34.752
P090484,27,Male,Urban,177.23,109.89,Never,No,1.439,5.419,33.219
P090485,60,Male,Urban,176.56,76.01,Former,No,0.986,5.241,26.448
P090486,67,Female,Urban,166.55,57.94,Never,No,1.63,5.385,35.097
P090487,86,Female,Urban,155.56,48.48,Former,No,2.215,,34.327
P090488,51,Male,Rural,166.52,95.44,Former,No,0.996,5.736,36.864
P090489,65,Male,Urban,168.19,61.36,Former,No,5.08,5.622,33.481
P090490,52,Male,Urban,174.04,62.45,Never,Yes,2.001,5.716,36.505
P090491,38,Male,Urban,166.89,74.2,Former,Yes,2.116,5.395,30.9
P090492,59,Female,Rural,160.88,74.77,Never,No,2.548,6.081,35.717
P090493,55,Female,Rural,156.76,56.99,Current,No,2.599,6.308,26.884
P090494,65,Male,Urban,170.45,,Current,No,1.874,6.222,37.593
P090495,40,Female,Urban,167.65,59.7,Never,Yes,2.724,6.372,32.584
P090496,61,Male,Rural,164.86,56.59,Former,No,2.261,5.284,38.675
P090497,54,Male,Urban,170.2,98.31,Never,No,1.412,6.273,32.176
P090498,47,Male,Urban,175.18,76.26,Never,No,1.188,6.6,32.475
P090499,61,Female,Urban,152.16,55.6,Never,No,1.818,6.153,40.643
P090500,56,Male,Rural,172.45,81.72,Former,Yes,3.185,5.211,26.555
